Model,MSE,R2
Linear SVR,4.0861417952867285,0.9889738102830694
RBF SVR,4.116345078782974,0.9888923086733387
