Model,MSE,R2
Sklearn Stacking,4.0869895318406835,0.9889715227207325
Manual Stacking,4.350191451233507,0.9882612893410606
