Model,MSE,R2
Linear Regression Scratch,4.082628398521867,0.9889832909573145
Linear Regression Sklearn,4.0826283985218526,0.9889832909573145
