Component,Explained Variance,Cumulative Variance
1,0.20434188809738615,0.20434188809738615
2,0.20279056668696138,0.40713245478434756
3,0.20185010352531146,0.6089825583096591
4,0.19665706354517432,0.8056396218548334
5,0.19436037814516663,1.0
