Model,MSE,R2
kNN Scratch,8.47718,0.9771248772980942
kNN Sklearn,8.466280000000001,0.9771542902440798
