Model,Best Alpha,MSE,R2
Ridge,0.01,4.082634172989549,0.9889832753752864
Lasso,0.01,4.087655817320182,0.9889697247924005
