Model,MSE,R2
SVR Scratch,354.580250609437,0.04318809552665115
SVR Sklearn,4.3591684108527895,0.988237065595336
